{"data": {"CORES": {"1": 1, "0": 1, "2": 1, "3": 1, "4": 1, "5": 1, "6": 1, "7": 1, "8": 1, "9": 1, "10": 1, "11": 1, "12": 1, "13": 1, "14": 1, "15": 1}, "GOVERNORS": {"conservative": true, "powersave": true, "performance": true, "current": "ondemand"}, "etc": {"cpu_usage": 1.3, "timer": 0.2, "modelist": ["normal", "turbo", "silent", "eco", "manual"], "mode": "normal", "ratios": {"eco": 0.85, "silent": 0.85, "turbo": 1.25}, "nbcpu": 15, "running_cores": ["0", "1", "2", "3", "4", "5", "6", "7", "8", "9", "10", "11", "12", "13", "14", "15"]}, "tdp": {"current": 7000, "list": [7000]}, "tmp": {"current": 65, "list": [60]}, "other_config": {"min_tdp": 4000, "max_tdp": 35000, "max_temp": 99, "high_usage": 70, "low_usage": 20, "min_active_cores": 1, "disable_cores": false}, "manual": {"tdp": 10000, "tmp": 70}, "processes": {}}, "custom_processes": {}, "modes": {"normal": {"tdpr": 1, "tmpr": 1, "max_tdp": 25000, "max_tmp": 80, "min_tdp": 6500, "min_tmp": 65}, "eco": {"tdpr": 0.85, "tmpr": 1, "max_tdp": 12000, "max_tmp": 80, "min_tdp": 5000, "min_tmp": 65}, "silent": {"tdpr": 0.9, "tmpr": 0.85, "max_tdp": 25000, "max_tmp": 74, "min_tdp": 6500, "min_tmp": 65}, "turbo": {"tdpr": 1.2, "tmpr": 1.2, "max_tdp": 35000, "max_tmp": 95, "min_tdp": 15000, "min_tmp": 75}, "game_class": {"tdpr": 1.1, "tmpr": 1.1, "max_tdp": 25000, "max_tmp": 72, "min_tdp": 20000, "min_tmp": 70}}, "processes": {"/usr/lib/systemd/systemd-machined": {"tdp": 7000, "tmp": 60}, "/usr/lib64/firefox/firefox": {"tdp": 10000, "tmp": 69}, "/app/extra/bin/lunarclient --no-sandbox /app/bin/lunarclient": {"tdp": 15000, "tmp": 74}, "bash /home/richou/.local/share/Steam/steam.sh": {"tdp": 15000, "tmp": 74}}, "listener": {"connection": {"adress": "localhost", "port": 6000, "authkey": "eogn68rb8r69"}}}